<?xml version="1.0" encoding="utf-8"?>
<extension type="component" version="3.7" method="upgrade">
	<name>MightySites</name>
	<description>Joomla multi-site manager.</description>
	
	<author>AlterBrains</author>
	<copyright>(C) 2009-2017 AlterBrains. All rights reserved.</copyright>
	<license>http://www.gnu.org/licenses/gpl-2.0.html GNU/GPL</license>
	<authorEmail>alterbrains@gmail.com</authorEmail>
	<authorUrl>http://alterbrains.com</authorUrl>
	
	<creationDate>09/01/2017</creationDate>
	<version>3.3.2</version>
	
	<install>
		<sql>
			<file driver="mysql" charset="utf8">sql/install.mysql.utf8.sql</file>
		</sql>
	</install>

	<files folder="site">
		<filename>index.html</filename>
		<filename>format_25.php</filename>
		<filename>format_30.php</filename>
		<filename>format_33.php</filename>
		<filename>mightysites.php</filename>
		<folder>configuration</folder>
	</files>
	
	<administration>
		<menu img="components/com_mightysites/images/icon_16.png">MightySites</menu>
		<files folder="admin">
			<folder>controllers</folder>
			<folder>helpers</folder>
			<folder>images</folder>
			<folder>models</folder>
			<folder>sql</folder>
			<folder>tables</folder>
			<folder>views</folder>
			<filename>index.html</filename>
			<filename>controller.php</filename>
			<filename>mightysites.php</filename>
			<filename>access.xml</filename>
			<filename>config.xml</filename>
		</files>
		<languages>
			<language tag="en-GB">admin/language/en-GB.com_mightysites.ini</language>
			<language tag="en-GB">admin/language/en-GB.com_mightysites.sys.ini</language>
		</languages>
	</administration>

	<scriptfile>mightysites.script.php</scriptfile>

</extension>